player,hard_wins,hard_losses,hard_total,hard_win_pct,avg_aces,avg_df,avg_bp_conv,avg_bp_save,avg_1st_pct,recent_form_pct,uso_wins,uso_win_pct,atp_rank,atp_points,rank_score,uso_score,power_rank
Jannik Sinner,193.0,52.0,245.0,0.7877551020408163,6.476683937823834,1.8704663212435233,0.49763189349724263,0.7176828265928612,0.6060890265564048,1.0,17.0,0.7727272727272727,1.0,13500.0,1.0,0.8736136024238003,1
Novak Djokovic,322.0,48.0,370.0,0.8702702702702703,6.1894409937888195,2.4037267080745344,0.4981650123097251,0.6257919702152344,0.6470528211701884,0.8,41.0,0.8913043478260869,7.0,3760.0,0.952755905511811,0.8532878405212719,2
Alexander Zverev,274.0,123.0,397.0,0.690176322418136,9.68978102189781,3.1350364963503647,0.5029273405723937,0.6923837165720282,0.6716105266746872,0.8,26.0,0.7428571428571429,3.0,7305.0,0.984251968503937,0.7990137954415077,3
Carlos Alcaraz,104.0,35.0,139.0,0.7482014388489209,4.240384615384615,1.8653846153846154,0.47251654183721115,0.6629453063276592,0.6518380557838791,0.6,17.0,0.85,2.0,9960.0,0.9921259842519685,0.7889612473960642,4
Daniil Medvedev,296.0,103.0,399.0,0.7418546365914787,8.554054054054054,3.402027027027027,0.5023743816168352,0.6622966758166892,0.6258130435781304,0.5,33.0,0.825,8.0,3760.0,0.9448818897637795,0.7509117789486798,5
Ben Shelton,54.0,35.0,89.0,0.6067415730337079,9.87037037037037,3.3333333333333335,0.4808396336174114,0.7070008116883116,0.6812975636095694,0.6,7.0,0.7,5.0,3920.0,0.9685039370078741,0.7266285966260754,6
Karen Khachanov,183.0,132.0,315.0,0.580952380952381,8.73224043715847,2.098360655737705,0.486682097309286,0.6830792689803349,0.6399948702357507,0.8,10.0,0.5263157894736842,15.0,2320.0,0.889763779527559,0.7096026658318967,7
Taylor Fritz,200.0,131.0,331.0,0.6042296072507553,10.085,2.405,0.4828342437342723,0.704310931161844,0.6041310866801184,0.6,16.0,0.64,9.0,3720.0,0.937007874015748,0.707517022762219,8
Jakub Mensik,21.0,10.0,31.0,0.677,7.2,0.2,0.41,0.64,,0.65,0.0,0.5,17.0,2300.0,0.8740157480314961,0.6889547244094487,9
Felix Auger Aliassime,143.0,95.0,238.0,0.6008403361344538,10.454545454545455,3.6433566433566433,0.43602438513997543,0.6735779665401515,0.63992734877909,0.5,9.0,0.5625,4.0,4440.0,0.9763779527559056,0.6829785874443913,10
Flavio Cobolli,24.0,20.0,44.0,0.5454545454545454,6.708333333333333,3.8333333333333335,0.5129254426129426,0.7049964528225398,0.5525776791403073,0.5,2.0,0.6666666666666666,10.0,3540.0,0.9291338582677166,0.6759998886157255,11
Jakub Mensik,20.0,13.0,33.0,0.6060606060606061,11.6,2.9,0.45673718094770727,0.6964101430045703,0.60099554631567,0.5,4.0,0.6666666666666666,17.0,2300.0,0.8740157480314961,0.6713772421222143,12
Alex De Minaur,191.0,106.0,297.0,0.6430976430976431,4.549738219895288,2.2931937172774868,0.5157329777979609,0.6410951243755236,0.5950059092709448,0.3,18.0,0.6923076923076923,6.0,3905.0,0.9606299212598425,0.6706509461071916,13
Andrey Rublev,239.0,133.0,372.0,0.6424731182795699,8.00418410041841,2.3263598326359833,0.48839541702024813,0.7036171899379446,0.6122588311299676,0.3,24.0,0.7272727272727273,13.0,2460.0,0.905511811023622,0.6609633623157978,14
Arthur Fils,38.0,27.0,65.0,0.5846153846153846,7.473684210526316,2.736842105263158,0.4415797268290343,0.6644607843137255,0.6189409429100635,0.6,2.0,0.5,21.0,1940.0,0.8425196850393701,0.6492117772227951,15
Jiri Lehecka,57.0,46.0,103.0,0.5533980582524272,6.982456140350878,2.263157894736842,0.4523962879226037,0.6748454899398295,0.6386756708597552,0.6,2.0,0.4,12.0,2575.0,0.9133858267716536,0.6487273514877246,16
Denis Shapovalov,153.0,118.0,271.0,0.5645756457564576,9.196078431372548,5.052287581699346,0.49152314544243764,0.6882890346407092,0.6065137791150426,0.7,15.0,0.6818181818181818,42.0,1130.0,0.6771653543307087,0.6455568540152117,17
Joao Fonseca,27.0,17.0,44.0,0.614,6.0,0.17,0.38,0.665,,0.6,1.0,0.5,25.0,1735.0,0.8110236220472441,0.6440570866141732,18
Tommy Paul,127.0,85.0,212.0,0.5990566037735849,5.929133858267717,2.0078740157480315,0.47112132526036377,0.645386815740798,0.614701951069335,0.6,8.0,0.5333333333333333,28.0,1645.0,0.7874015748031495,0.6418100304343991,19
Casper Ruud,104.0,82.0,186.0,0.5591397849462365,6.740384615384615,1.8942307692307692,0.5052177513777455,0.6699234892634346,0.6517391595084584,0.3,13.0,0.65,14.0,2425.0,0.8976377952755905,0.6253333468512953,20
Alex Michelsen,29.0,25.0,54.0,0.5370370370370371,5.620689655172414,1.9310344827586208,0.5102726775140568,0.665222329111218,0.6771011839403113,0.7,2.0,0.5,38.0,1205.0,0.7086614173228347,0.6206324347873734,21
Cameron Norrie,126.0,99.0,225.0,0.56,5.642857142857143,2.6031746031746033,0.5017893376108119,0.6835834258659799,0.6674612416130465,0.5,9.0,0.5625,29.0,1595.0,0.7795275590551181,0.6175019058903749,22
Frances Tiafoe,152.0,133.0,285.0,0.5333333333333333,8.381578947368421,2.263157894736842,0.4576606972000427,0.6997290506322962,0.6139581271855202,0.4,22.0,0.6875,26.0,1705.0,0.8031496062992126,0.615272702614714,23
Matteo Berrettini,84.0,67.0,151.0,0.5562913907284768,11.857142857142858,1.8571428571428572,0.46718951760968563,0.6925304905697063,0.6401986507389436,0.6,18.0,0.72,48.0,985.0,0.6299212598425197,0.6140352260438448,24
Tomas Machac,36.0,29.0,65.0,0.5538461538461539,5.916666666666667,2.2777777777777777,0.527669183480587,0.7317577030812324,0.6222534762448757,0.6,3.0,0.6,43.0,1120.0,0.6692913385826771,0.6122202843644327,25
Ugo Humbert,104.0,78.0,182.0,0.5714285714285714,7.5673076923076925,1.8461538461538463,0.4455125395594853,0.7080117949683167,0.6361760682735684,0.7,3.0,0.3,33.0,1370.0,0.7480314960629921,0.6099428084024306,26
Marin Cilic,178.0,119.0,297.0,0.5993265993265994,11.724719101123595,3.044943820224719,0.457382552725545,0.66924633151485,0.5880658104902783,0.5,21.0,0.7241379310344828,47.0,994.0,0.6377952755905512,0.6061223663760074,27
Lorenzo Musetti,57.0,65.0,122.0,0.4672131147540984,5.105263157894737,2.175438596491228,0.45243161860197867,0.6172209734709735,0.6400700455274603,0.4,5.0,0.5555555555555556,16.0,2315.0,0.8818897637795275,0.5981861707593638,28
Francisco Cerundolo,35.0,40.0,75.0,0.4666666666666667,4.571428571428571,3.4571428571428573,0.5510280195994481,0.6859570984570984,0.6275449990330587,0.6,2.0,0.4,27.0,1660.0,0.7952755905511811,0.5970985997348484,29
Matteo Arnaldi,29.0,26.0,55.0,0.5272727272727272,7.448275862068965,2.896551724137931,0.4765907464183326,0.631792513042513,0.5813477518530812,0.4,5.0,0.7142857142857143,34.0,1336.0,0.7401574803149606,0.5964274460285695,30
Arthur Rinderknech,48.0,49.0,97.0,0.4948453608247423,10.770833333333334,1.3958333333333333,0.4542018319156477,0.6878045404208195,0.6640896647715283,0.4,5.0,0.5555555555555556,24.0,1776.0,0.8188976377952756,0.589814283494925,31
Alejandro Davidovich Fokina,67.0,70.0,137.0,0.48905109489051096,4.447761194029851,2.044776119402985,0.540786152682553,0.6593110966094836,0.6519274112504353,0.3,8.0,0.6153846153846154,22.0,1860.0,0.8346456692913385,0.5849690292823234,32
Brandon Nakashima,71.0,56.0,127.0,0.5590551181102362,8.971830985915492,1.267605633802817,0.49849055706198564,0.693195549661067,0.6494529403563533,0.3,7.0,0.5833333333333334,32.0,1385.0,0.7559055118110236,0.5736197384070187,33
Zizou Bergs,16.0,24.0,40.0,0.4,7.875,2.0625,0.4800685425685426,0.6933673469387756,0.6445887455518554,0.6,1.0,0.5,40.0,1150.0,0.6929133858267716,0.5615458102233974,34
Sebastian Korda,87.0,52.0,139.0,0.6258992805755396,8.03448275862069,1.8620689655172413,0.508663721899016,0.6947027963063096,0.6352159121311346,0.7,2.0,0.2857142857142857,60.0,900.0,0.5354330708661417,0.5601302101711365,35
Alexander Bublik,98.0,99.0,197.0,0.49746192893401014,13.857142857142858,6.459183673469388,0.4955435437578295,0.6817970917970918,0.6024054551267364,0.2,4.0,0.4,11.0,2930.0,0.9212598425196851,0.5596104667671541,36
Holger Rune,86.0,50.0,136.0,0.6323529411764706,6.337209302325581,2.453488372093023,0.4915216809334456,0.7095935220935221,0.6292765050700092,0.7,2.0,0.3333333333333333,64.0,860.0,0.5039370078740157,0.5593250978076708,37
Gabriel Diallo,11.0,12.0,23.0,0.4782608695652174,9.454545454545455,2.272727272727273,0.48282828282828283,0.6666666666666666,0.6883866002772413,0.5,2.0,0.6666666666666666,54.0,935.0,0.5826771653543308,0.551843114472351,38
Tallon Griekspoor,60.0,63.0,123.0,0.4878048780487805,10.633333333333333,2.816666666666667,0.46744538985918294,0.6659024383482588,0.6486246366524704,0.5,3.0,0.42857142857142855,41.0,1150.0,0.6850393700787402,0.5484161362319034,39
Tomas Martin Etcheverry,23.0,33.0,56.0,0.4107142857142857,7.0,1.434782608695652,0.41762349968871704,0.7288410663410664,0.67748172791278,0.4,3.0,0.5,30.0,1510.0,0.7716535433070866,0.5464978627221866,40
Pablo Carreno Busta,152.0,106.0,258.0,0.5891472868217055,5.605263157894737,1.888157894736842,0.49625413065968305,0.6683678657943364,0.6498779904869986,0.5,19.0,0.6785714285714286,71.0,835.0,0.44881889763779526,0.5419493051051802,41
Botic Van De Zandschulp,64.0,61.0,125.0,0.512,7.40625,3.609375,0.485768667553207,0.6717781322620032,0.6503501093461201,0.4,8.0,0.6666666666666666,55.0,935.0,0.5748031496062992,0.5383182848726503,42
Jenson Brooksby,37.0,23.0,60.0,0.6166666666666667,3.7567567567567566,1.4054054054054055,0.49992346834452095,0.7007448433919022,0.6383825384994298,0.5,6.0,0.6,73.0,825.0,0.4330708661417323,0.5341213420960075,43
Jack Draper,55.0,33.0,88.0,0.625,8.581818181818182,2.7636363636363637,0.5308187682786613,0.7316875716875717,0.5955115066417002,0.8,10.0,0.7692307692307693,112.0,560.0,0.12598425196850394,0.5325552079734782,44
Roger Federer,170.0,29.0,199.0,0.8542713567839196,8.676470588235293,1.8705882352941177,0.4692954302319627,0.6759247783311954,0.6237011844524225,0.7,17.0,0.8095238095238095,999.0,0.0,0.0,0.5322574210527092,45
Alejandro Tabilo,25.0,28.0,53.0,0.4716981132075472,8.08,2.2,0.4898043068043068,0.5806590752242926,0.6393350355042438,0.4,1.0,0.3333333333333333,31.0,1428.0,0.7637795275590551,0.5305815556710333,46
Adrian Mannarino,185.0,180.0,365.0,0.5068493150684932,5.935135135135135,2.016216216216216,0.5134945257747368,0.6536600960932512,0.6021118789732489,0.4,9.0,0.47368421052631576,46.0,1031.0,0.6456692913385826,0.5298234788410447,47
Miomir Kecmanovic,91.0,94.0,185.0,0.4918918918918919,5.054945054945055,1.8681318681318682,0.48031609810859976,0.6600052902937518,0.6107780705273947,0.5,4.0,0.4,49.0,980.0,0.6220472440944882,0.526603215621437,48
Nuno Borges,23.0,29.0,52.0,0.4423076923076923,8.391304347826088,3.3043478260869565,0.41574440052700923,0.6948412698412698,0.6462143992357002,0.4,4.0,0.5714285714285714,50.0,970.0,0.6141732283464567,0.5160724608135597,49
Stefanos Tsitsipas,208.0,112.0,320.0,0.65,7.860576923076923,1.8894230769230769,0.46522219926867664,0.6911453511931981,0.6253410878743916,0.6,6.0,0.46153846153846156,84.0,740.0,0.3464566929133859,0.5134861546278788,50
Corentin Moutet,32.0,43.0,75.0,0.4266666666666667,2.84375,2.34375,0.47736014791452097,0.6052973935786435,0.69329194136247,0.3,6.0,0.46153846153846156,36.0,1283.0,0.7244094488188977,0.5073531476177634,51
Fabian Marozsan,24.0,23.0,47.0,0.5106382978723404,5.541666666666667,2.25,0.45933885354841236,0.6048701298701298,0.6783781133142566,0.4,2.0,0.5,61.0,895.0,0.5275590551181102,0.4941377401744453,52
Juan Martin Del Potro,95.0,31.0,126.0,0.753968253968254,8.74736842105263,1.9894736842105263,0.48560784244994776,0.6356215213358071,0.6473449696830819,0.6,15.0,0.8333333333333334,999.0,0.0,0.0,0.48955353168135124,53
Rafael Nadal,188.0,59.0,247.0,0.7611336032388664,4.547872340425532,2.25531914893617,0.4872675809367645,0.69828234014981,0.6564070229439657,0.5,27.0,0.8709677419354839,999.0,0.0,0.0,0.48020605815436784,54
Kamil Majchrzak,23.0,25.0,48.0,0.4791666666666667,5.6521739130434785,2.217391304347826,0.5359276912345966,0.7495293847566575,0.6381539219510767,0.6,2.0,0.3333333333333333,76.0,782.0,0.40944881889763785,0.4768991661355207,55
Yannick Hanfmann,15.0,25.0,40.0,0.375,7.6,1.4666666666666666,0.45735449735449735,0.7135042735042736,0.6709079669678258,0.8,0.0,0.0,59.0,906.0,0.5433070866141732,0.47528506452719055,56
Stan Wawrinka,163.0,95.0,258.0,0.6317829457364341,9.14723926380368,2.165644171779141,0.44114806787990224,0.7136692651575005,0.5792194375512223,0.5,20.0,0.7692307692307693,110.0,563.0,0.1417322834645669,0.4735909035099641,57
Alexei Popyrin,68.0,74.0,142.0,0.4788732394366197,10.294117647058824,3.5441176470588234,0.4952358878495242,0.7184224725891393,0.6150692872123137,0.5,8.0,0.6153846153846154,90.0,680.0,0.2992125984251969,0.4624726997163395,58
Hubert Hurkacz,149.0,96.0,245.0,0.6081632653061224,12.302013422818792,1.8993288590604027,0.4537235552533618,0.7091690394625618,0.6459028986277408,0.5,6.0,0.46153846153846156,96.0,640.0,0.25196850393700787,0.45500676647419835,59
Marcelo Arevalo,21.0,3.0,24.0,0.875,6.190476190476191,2.619047619047619,0.5466864762917394,0.6537445887445887,0.6169593539993428,0.5,,0.5,999.0,0.0,0.0,0.4537715532518164,60
Roberto Bautista Agut,228.0,133.0,361.0,0.631578947368421,3.8596491228070176,1.8245614035087718,0.49959386890094076,0.6637965229665155,0.6489997358877031,0.6,12.0,0.5714285714285714,116.0,542.0,0.09448818897637801,0.45012499884267715,61
David Goffin,186.0,130.0,316.0,0.5886075949367089,6.258064516129032,2.8870967741935485,0.49112206811798725,0.6333499443076815,0.6049759975978065,0.7,16.0,0.64,999.0,0.0,0.0,0.43937549935546066,62
Kei Nishikori,159.0,75.0,234.0,0.6794871794871795,4.2578616352201255,2.169811320754717,0.49483971317748804,0.6413293865758654,0.6094401226352908,0.5,14.0,0.7368421052631579,999.0,0.0,0.0,0.4372065656489363,63
Nick Kyrgios,140.0,70.0,210.0,0.6666666666666666,15.385714285714286,3.0285714285714285,0.48630592499614933,0.7566645383159145,0.6538513895380431,0.6,10.0,0.5882352941176471,999.0,0.0,0.0,0.43705048394991686,64
Grigor Dimitrov,237.0,131.0,368.0,0.6440217391304348,7.8354430379746836,3.3248945147679323,0.47016175549227707,0.674841371235602,0.6272391440331678,0.6,19.0,0.6551724137931034,999.0,0.0,0.0,0.43653145318796815,65
Jan Lennard Struff,110.0,129.0,239.0,0.4602510460251046,10.572727272727272,3.0272727272727273,0.45745268868156364,0.6786379742262095,0.5720141618845572,0.4,5.0,0.4166666666666667,77.0,779.0,0.40157480314960625,0.43483973559654665,66
Marcos Giron,72.0,77.0,149.0,0.48322147651006714,5.583333333333333,1.4305555555555556,0.4821236090324304,0.7251263927045177,0.6184319043714978,0.6,2.0,0.25,88.0,705.0,0.31496062992125984,0.4331560581907421,67
Yibing Wu,17.0,17.0,34.0,0.5,6.0,2.6470588235294117,0.4252127086879409,0.6526377217553688,0.6165523496615327,0.5,3.0,0.6,101.0,626.0,0.21259842519685035,0.4326720490812206,68
Arthur Cazaux,9.0,11.0,20.0,0.45,10.222222222222221,1.8888888888888888,0.5074675324675325,0.6187499999999999,0.5801906507974383,0.5,1.0,0.3333333333333333,81.0,757.0,0.3700787401574803,0.42983449867062073,69
Reilly Opelka,76.0,65.0,141.0,0.5390070921985816,20.210526315789473,2.5,0.4274430816097483,0.755894004984914,0.6530953121748525,0.3,4.0,0.5,86.0,718.0,0.3307086614173228,0.42813122580457535,70
Benjamin Bonzi,32.0,39.0,71.0,0.4507042253521127,8.1875,2.03125,0.43312989094239096,0.654727165838277,0.6233987444474334,0.5,3.0,0.6,99.0,629.0,0.22834645669291342,0.4255728461849355,71
Gael Monfils,186.0,97.0,283.0,0.657243816254417,8.623655913978494,3.327956989247312,0.481380124271865,0.6583647172932887,0.6317313317059474,0.5,16.0,0.6666666666666666,999.0,0.0,0.0,0.4212981961418619,72
Zachary Svajda,6.0,15.0,21.0,0.2857142857142857,5.666666666666667,1.8333333333333333,0.5125000000000001,0.6916666666666665,0.6559142150893853,0.5,1.0,0.2,62.0,875.0,0.5196850393700787,0.41754241657292834,73
Rafael Jodar,18.0,9.0,27.0,0.667,5.5,0.18,0.39,0.65,,0.6,0.0,0.5,999.0,0.0,0.0,0.41375,74
Rinky Hijikata,20.0,24.0,44.0,0.45454545454545453,6.0,3.4,0.48872791080608413,0.7164959346209346,0.5867739158869767,0.5,4.0,0.5714285714285714,106.0,593.0,0.17322834645669294,0.41158034555900813,75
Milos Raonic,141.0,76.0,217.0,0.6497695852534562,15.929078014184396,3.382978723404255,0.4505781916496202,0.7531091077207582,0.6252613732765249,0.5,7.0,0.5833333333333334,999.0,0.0,0.0,0.410126761281883,76
David Ferrer,76.0,46.0,122.0,0.6229508196721312,2.736842105263158,2.8157894736842106,0.5021625487086013,0.6390241900956187,0.6163757929962158,0.6,4.0,0.5,999.0,0.0,0.0,0.4077970418582438,77
Lorenzo Sonego,69.0,85.0,154.0,0.44805194805194803,7.739130434782608,1.565217391304348,0.5012500784239914,0.7248463401005775,0.661340260744522,0.2,3.0,0.3,66.0,855.0,0.4881889763779528,0.4047745008526013,78
Andy Murray,173.0,84.0,257.0,0.6731517509727627,7.127167630057803,2.601156069364162,0.4768924337956358,0.63023548500111,0.599019668746146,0.4,12.0,0.631578947368421,999.0,0.0,0.0,0.39838117578829113,79
John Isner,171.0,123.0,294.0,0.5816326530612245,20.86549707602339,1.9473684210526316,0.4184994978408152,0.7628359671042598,0.6970184113356808,0.5,15.0,0.625,999.0,0.0,0.0,0.39822493651255986,80
Borna Gojo,19.0,18.0,37.0,0.5135135135135135,9.789473684210526,2.3157894736842106,0.43986090448938747,0.7061011904761905,0.6835037194489596,0.5,3.0,0.75,999.0,0.0,0.0,0.39817648312665727,81
Sebastian Baez,20.0,44.0,64.0,0.3125,3.65,1.65,0.4913900029708853,0.5903564271985324,0.7280080436458334,0.1,3.0,0.5,56.0,935.0,0.5669291338582677,0.39729106166595124,82
Aleksandar Kovacevic,13.0,22.0,35.0,0.37142857142857144,11.307692307692308,3.4615384615384617,0.5885031635031635,0.6816509879009879,0.6110182408479934,0.5,0.0,0.0,69.0,837.0,0.4645669291338582,0.3957349291675079,83
Alexander Shevchenko,25.0,29.0,54.0,0.46296296296296297,6.6,2.72,0.44846037296037294,0.6568828162578163,0.6192775970342675,0.5,1.0,0.3333333333333333,97.0,633.0,0.2440944881889764,0.3942362466583431,84
Marton Fucsovics,92.0,98.0,190.0,0.4842105263157895,5.065217391304348,2.641304347826087,0.5042062506864992,0.6566073300084928,0.601739775747858,0.2,4.0,0.3076923076923077,75.0,819.0,0.4173228346456693,0.39044400716124394,85
Hyeon Chung,64.0,51.0,115.0,0.5565217391304348,4.71875,3.09375,0.4911069938737378,0.6808207265444107,0.6210665769462709,0.5,5.0,0.5555555555555556,999.0,0.0,0.0,0.38106015413684946,86
Alex Molcan,16.0,23.0,39.0,0.41025641025641024,5.25,2.9375,0.4241443135225105,0.6595679938642124,0.6544394516886748,0.5,2.0,0.4,102.0,626.0,0.20472440944881887,0.37816704076808444,87
Kevin Anderson,123.0,83.0,206.0,0.5970873786407767,15.357723577235772,2.6747967479674797,0.44146564817296524,0.7081489529943138,0.6370100780653267,0.3,16.0,0.7272727272727273,999.0,0.0,0.0,0.3758434838094672,88
Dominic Stricker,16.0,15.0,31.0,0.5161290322580645,10.3125,2.1875,0.38485264735264735,0.7366666666666667,0.5991440889547017,0.5,3.0,0.6,999.0,0.0,0.0,0.3751082237654818,89
Damir Dzumhur,78.0,90.0,168.0,0.4642857142857143,3.2948717948717947,3.1923076923076925,0.5266629166679774,0.5875190819875723,0.6356929659713101,0.4,4.0,0.4,103.0,604.0,0.19685039370078738,0.37083564661444224,90
Tomas Berdych,108.0,55.0,163.0,0.6625766871165644,8.74074074074074,2.212962962962963,0.5176962183906628,0.6642564033189033,0.5741460016323847,0.3,4.0,0.5714285714285714,999.0,0.0,0.0,0.3704560885789051,91
Marsel Ilhan,12.0,10.0,22.0,0.5454545454545454,8.666666666666666,2.25,0.49132326007326005,0.6720328282828283,0.5961271354475398,0.5,1.0,0.5,999.0,0.0,0.0,0.36953144078144073,92
Gilles Simon,110.0,99.0,209.0,0.5263157894736842,4.327272727272727,2.172727272727273,0.5108570105783545,0.6108535389503397,0.5951233313727724,0.6,4.0,0.4,999.0,0.0,0.0,0.36766447484485576,93
Ricardas Berankis,70.0,71.0,141.0,0.49645390070921985,4.6,2.414285714285714,0.4958361271143226,0.7123098916009364,0.5973522957907628,0.6,5.0,0.4166666666666667,999.0,0.0,0.0,0.36702077611306794,94
Cristian Garin,33.0,51.0,84.0,0.39285714285714285,6.757575757575758,3.242424242424242,0.4738871397962307,0.6860663410663411,0.6309754207544964,0.5,4.0,0.5,113.0,554.0,0.11811023622047245,0.3666450306235561,95
Daniel Evans,111.0,104.0,215.0,0.5162790697674419,4.873873873873874,2.5945945945945947,0.5039635075339747,0.6454246135237753,0.6070831303620363,0.4,14.0,0.6666666666666666,999.0,0.0,0.0,0.36653917349474796,96
Lucas Pouille,83.0,73.0,156.0,0.532051282051282,10.048192771084338,3.5421686746987953,0.48504799118305775,0.7079324335794924,0.5783011735687275,0.4,10.0,0.625,999.0,0.0,0.0,0.36641184175094804,97
Jaume Munar,21.0,53.0,74.0,0.28378378378378377,5.619047619047619,3.0952380952380953,0.4137862137862138,0.6850027898341406,0.6618364949862859,0.1,1.0,0.14285714285714285,44.0,1105.0,0.6614173228346456,0.36573916440592874,98
Jo-Wilfried Tsonga,104.0,57.0,161.0,0.6459627329192547,11.673076923076923,2.605769230769231,0.4494350202117192,0.7136488181131038,0.6099781541774134,0.2,9.0,0.6923076923076923,999.0,0.0,0.0,0.36349102899220864,99
Nicolas Mahut,34.0,42.0,76.0,0.4473684210526316,7.676470588235294,2.411764705882353,0.49116218748571694,0.73310057997558,0.6139386509514554,0.5,6.0,0.6,999.0,0.0,0.0,0.36305524363622277,100
Emil Ruusuvuori,85.0,65.0,150.0,0.5666666666666667,5.364705882352941,2.5647058823529414,0.5203837241190182,0.6457854843795919,0.6449889498370441,0.5,2.0,0.4,999.0,0.0,0.0,0.3599751270915971,101
Jordan Thompson,96.0,100.0,196.0,0.4897959183673469,7.510416666666667,1.4270833333333333,0.45839712918660286,0.6919143903853129,0.635799237699146,0.5,10.0,0.5263157894736842,999.0,0.0,0.0,0.3589119239914852,102
Alexandr Dolgopolov,44.0,46.0,90.0,0.4888888888888889,8.0,2.590909090909091,0.5243396773309875,0.6181906288156288,0.579685284324134,0.5,3.0,0.5,999.0,0.0,0.0,0.35434873752955304,103
Borna Coric,138.0,123.0,261.0,0.5287356321839081,6.8768115942028984,2.13768115942029,0.49177627153153125,0.669746593276005,0.6227086352438242,0.4,11.0,0.55,999.0,0.0,0.0,0.35276005128635385,104
Vasek Pospisil,74.0,84.0,158.0,0.46835443037974683,11.162162162162161,3.2027027027027026,0.4667956292956293,0.7436179981634528,0.5973981584412502,0.5,7.0,0.5,999.0,0.0,0.0,0.3526092889678908,105
Dimitar Kuzmanov,12.0,15.0,27.0,0.4444444444444444,4.583333333333333,1.9166666666666667,0.5329034391534392,0.7934609250398723,0.6418907112030635,0.5,,0.5,999.0,0.0,0.0,0.3524293293207767,106
Roman Safiullin,34.0,39.0,73.0,0.4657534246575342,7.852941176470588,2.8529411764705883,0.4774749760043878,0.7198572900053163,0.6242968248770838,0.5,2.0,0.5,999.0,0.0,0.0,0.3513049694648688,107
Dominic Thiem,155.0,105.0,260.0,0.5961538461538461,7.012903225806451,2.567741935483871,0.4528110513164943,0.6440582342616841,0.6149291660451196,0.2,20.0,0.7142857142857143,999.0,0.0,0.0,0.3510247829602276,108
Marcos Baghdatis,62.0,50.0,112.0,0.5535714285714286,8.483870967741936,3.403225806451613,0.5075724528590422,0.6415889187440912,0.5444950988054852,0.4,4.0,0.5,999.0,0.0,0.0,0.35085092572301385,109
Aleksandar Vukic,27.0,36.0,63.0,0.42857142857142855,10.555555555555555,1.7037037037037037,0.4724400085511196,0.5695932539682539,0.6015773853490524,0.6,0.0,0.0,100.0,626.0,0.22047244094488194,0.3453862525522904,110
Lloyd Harris,62.0,54.0,116.0,0.5344827586206896,12.46774193548387,2.403225806451613,0.5426988952961439,0.679009879009879,0.6422850174459128,0.3,6.0,0.5454545454545454,999.0,0.0,0.0,0.33652431018865536,111
Michael Mmoh,25.0,32.0,57.0,0.43859649122807015,6.56,3.84,0.6126438006438006,0.6337311022311023,0.6684865937125156,0.5,3.0,0.42857142857142855,999.0,0.0,0.0,0.33625358223647694,112
Daniel Altmaier,15.0,38.0,53.0,0.2830188679245283,7.933333333333334,1.9333333333333333,0.544074074074074,0.7722222222222221,0.6527885881137468,0.3,1.0,0.25,85.0,740.0,0.3385826771653543,0.3356443349455531,113
Jeremy Chardy,87.0,84.0,171.0,0.5087719298245614,9.057471264367816,4.0344827586206895,0.49155674466891974,0.6904749369115886,0.6261628125221037,0.4,6.0,0.46153846153846156,999.0,0.0,0.0,0.33552533576593496,114
Jurgen Melzer,8.0,12.0,20.0,0.4,6.625,4.625,0.44160714285714286,0.7594988344988345,0.6566184279681047,0.5,1.0,0.5,999.0,0.0,0.0,0.33505529886779895,115
Jack Sock,102.0,80.0,182.0,0.5604395604395604,7.215686274509804,4.029411764705882,0.4775889987188764,0.698296956401352,0.5968244550900877,0.3,8.0,0.5,999.0,0.0,0.0,0.33390418786590154,116
Philipp Kohlschreiber,74.0,70.0,144.0,0.5138888888888888,6.081081081081081,2.0675675675675675,0.4778971470147941,0.7343234757633353,0.6147635769909529,0.3,9.0,0.5625,999.0,0.0,0.0,0.33345825336112866,117
Austin Krajicek,11.0,16.0,27.0,0.4074074074074074,12.0,3.1818181818181817,0.45023940705758886,0.6466666666666667,0.6032276499688286,0.5,1.0,0.5,999.0,0.0,0.0,0.3316971555380646,118
Sergiy Stakhovsky,29.0,42.0,71.0,0.4084507042253521,9.310344827586206,2.793103448275862,0.43767477732994975,0.7526664936752655,0.6081068824073717,0.4,3.0,0.6,999.0,0.0,0.0,0.3316297396065988,119
Emilio Gomez,11.0,19.0,30.0,0.36666666666666664,6.181818181818182,2.1818181818181817,0.4878197560015742,0.7375541125541125,0.6070045202638386,0.5,,0.5,999.0,0.0,0.0,0.327935360094451,120
Illya Marchenko,24.0,32.0,56.0,0.42857142857142855,6.25,4.0,0.49333624465203413,0.7040885040885041,0.5751097696481539,0.3,4.0,0.6666666666666666,999.0,0.0,0.0,0.327014094579884,121
Jared Donaldson,38.0,44.0,82.0,0.4634146341463415,6.921052631578948,3.8947368421052633,0.4988533110672699,0.5798733129615483,0.5372693883360459,0.4,3.0,0.5,999.0,0.0,0.0,0.3247899897380263,122
James Duckworth,45.0,68.0,113.0,0.39823008849557523,8.822222222222223,2.088888888888889,0.49124338624338626,0.6742266992266993,0.5813949144832058,0.1,2.0,0.2,79.0,762.0,0.3858267716535433,0.32357905789346103,123
John Millman,87.0,95.0,182.0,0.47802197802197804,5.183908045977011,1.8045977011494252,0.48917833537509,0.5916762287244215,0.6234223704648368,0.4,7.0,0.4666666666666667,999.0,0.0,0.0,0.3235482227104701,124
Ilya Ivashka,60.0,56.0,116.0,0.5172413793103449,6.8,2.816666666666667,0.49507795445295444,0.6603654731013222,0.6250993750030276,0.3,5.0,0.5,999.0,0.0,0.0,0.32208251620530004,125
Otto Virtanen,9.0,11.0,20.0,0.45,10.0,3.111111111111111,0.37211199294532626,0.8166666666666667,0.6042088211004365,0.5,1.0,0.3333333333333333,999.0,0.0,0.0,0.32193893298059967,126
Dominik Koepfer,36.0,41.0,77.0,0.4675324675324675,5.972222222222222,3.4444444444444446,0.43131097297763965,0.673019649036085,0.6302823571590146,0.4,4.0,0.4444444444444444,999.0,0.0,0.0,0.3187663146504698,127
Christopher Oconnell,34.0,48.0,82.0,0.4146341463414634,9.823529411764707,1.8529411764705883,0.43237902524234706,0.7577559188613955,0.6148827509765835,0.4,4.0,0.5,999.0,0.0,0.0,0.318165283790553,128
Bernard Tomic,66.0,53.0,119.0,0.5546218487394958,10.712121212121213,1.4848484848484849,0.47011524571685,0.7130002511150052,0.6554229577490308,0.3,2.0,0.4,999.0,0.0,0.0,0.3178112370264667,129
Viktor Durasovic,8.0,16.0,24.0,0.3333333333333333,6.0,2.5,0.43553364527629235,0.7459415584415584,0.6412682040026126,0.5,,0.5,999.0,0.0,0.0,0.3174070935192259,130
Feliciano Lopez,75.0,90.0,165.0,0.45454545454545453,14.546666666666667,3.8666666666666667,0.42082943204833884,0.7453320092908193,0.5775823015011452,0.3,9.0,0.5625,999.0,0.0,0.0,0.3163194357033215,131
Juncheng Shang,25.0,26.0,51.0,0.49019607843137253,4.12,2.08,0.4097143118319589,0.6619314260618608,0.6062955021321321,0.2,2.0,0.6666666666666666,999.0,0.0,0.0,0.31613130650253407,132
Sebastian Ofner,16.0,19.0,35.0,0.45714285714285713,10.125,1.9375,0.4896712662337662,0.7571428571428572,0.6056446776232166,0.4,1.0,0.3333333333333333,124.0,518.0,0.03149606299212604,0.3160752393521833,133
Alex Bolt,13.0,22.0,35.0,0.37142857142857144,7.769230769230769,2.923076923076923,0.4716394716394717,0.48686868686868684,0.5948993848533296,0.5,,0.5,999.0,0.0,0.0,0.3157825507825508,134
Cedrik Marcel Stebe,9.0,16.0,25.0,0.36,6.444444444444445,3.3333333333333335,0.3992768306493797,0.6088383838383838,0.6226477134417855,0.5,2.0,0.5,999.0,0.0,0.0,0.3154057607243882,135
Thanasi Kokkinakis,60.0,67.0,127.0,0.47244094488188976,11.75,2.6,0.46522630147630145,0.7189255189255189,0.6288006052529873,0.5,2.0,0.25,999.0,0.0,0.0,0.31481782724056345,136
Mikhail Kukushkin,76.0,95.0,171.0,0.4444444444444444,3.3421052631578947,1.2763157894736843,0.5249895474895475,0.6317048757189602,0.6239185062258619,0.3,9.0,0.5625,999.0,0.0,0.0,0.31332083227153645,137
Richard Gasquet,137.0,108.0,245.0,0.5591836734693878,5.9489051094890515,2.204379562043796,0.4731926409309406,0.6439258658008657,0.6206064746390482,0.2,9.0,0.5,999.0,0.0,0.0,0.3106518437039373,138
Rajeev Ram,11.0,17.0,28.0,0.39285714285714285,7.2727272727272725,2.909090909090909,0.4783910533910534,0.7615367965367965,0.6639943224730399,0.5,1.0,0.3333333333333333,999.0,0.0,0.0,0.31021067821067827,139
Liam Broady,11.0,13.0,24.0,0.4583333333333333,4.090909090909091,1.8181818181818181,0.5601289827225656,0.6366666666666666,0.5997301759557345,0.3,,0.5,999.0,0.0,0.0,0.3094231158027949,140
Laslo Djere,44.0,69.0,113.0,0.3893805309734513,8.590909090909092,3.090909090909091,0.47125834281582946,0.6759398720937182,0.6261148325531173,0.5,4.0,0.36363636363636365,999.0,0.0,0.0,0.3092504980342948,141
Egor Gerasimov,49.0,43.0,92.0,0.532608695652174,9.83673469387755,3.142857142857143,0.4191239377796609,0.7012224517906337,0.6576093044985616,0.3,2.0,0.4,999.0,0.0,0.0,0.3091694933915582,142
Mischa Zverev,42.0,60.0,102.0,0.4117647058823529,6.595238095238095,2.5,0.5138604392806073,0.6914590784172827,0.6704461040416411,0.3,4.0,0.5714285714285714,999.0,0.0,0.0,0.30892143806976846,143
Tatsuma Ito,8.0,18.0,26.0,0.3076923076923077,3.625,2.75,0.5418574846206425,0.5970238095238095,0.5862301792008883,0.5,,0.5,999.0,0.0,0.0,0.3088671416302995,144
Darian King,19.0,14.0,33.0,0.5757575757575758,4.157894736842105,1.894736842105263,0.5597233214615486,0.7313572303921568,0.6525874640923779,0.5,0.0,0.0,999.0,0.0,0.0,0.3084934215320792,145
Aslan Karatsev,53.0,54.0,107.0,0.4953271028037383,6.3584905660377355,3.7547169811320753,0.473613471487179,0.6795353639291215,0.6002432903976949,0.2,4.0,0.5714285714285714,999.0,0.0,0.0,0.3072035031860353,146
Nikoloz Basilashvili,85.0,103.0,188.0,0.4521276595744681,5.752941176470588,3.9529411764705884,0.4762905366452079,0.632537163719923,0.5904548922804009,0.2,7.0,0.5,118.0,536.0,0.07874015748031493,0.30709534715596803,147
Yoshihito Nishioka,111.0,111.0,222.0,0.5,2.1981981981981984,1.3783783783783783,0.4891474648053596,0.5938554165694526,0.6597804243313939,0.5,2.0,0.18181818181818182,999.0,0.0,0.0,0.30642287134146784,148
Zhizhen Zhang,28.0,36.0,64.0,0.4375,7.928571428571429,2.0,0.4810653447982064,0.6521428571428571,0.635742000953325,0.4,2.0,0.4,999.0,0.0,0.0,0.30603541009705315,149
Quentin Halys,20.0,43.0,63.0,0.31746031746031744,12.6,3.75,0.3978440350499174,0.8204418130888719,0.61400204331773,0.4,0.0,0.0,92.0,678.0,0.2834645669291339,0.305318741850759,150
Guido Pella,47.0,63.0,110.0,0.42727272727272725,6.595744680851064,2.297872340425532,0.49569455714637195,0.702243383094447,0.6673250806728117,0.4,5.0,0.38461538461538464,999.0,0.0,0.0,0.3044073865225305,151
Ernests Gulbis,24.0,41.0,65.0,0.36923076923076925,11.458333333333334,3.4583333333333335,0.4593419312169312,0.765740298348994,0.6058059450381597,0.5,1.0,0.3333333333333333,999.0,0.0,0.0,0.30356180378598857,152
Jerzy Janowicz,21.0,21.0,42.0,0.5,9.571428571428571,4.190476190476191,0.49533163692827553,0.6682954545454545,0.6369483507075819,0.6,0.0,0.0,999.0,0.0,0.0,0.3031813545736865,153
Viktor Troicki,74.0,74.0,148.0,0.5,10.91891891891892,2.27027027027027,0.46266470347352695,0.6279150849150849,0.6243635161063886,0.2,5.0,0.5555555555555556,999.0,0.0,0.0,0.3028623227527639,154
Horacio Zeballos,14.0,18.0,32.0,0.4375,7.142857142857143,3.5714285714285716,0.5476473922902494,0.7021825396825396,0.5914531348544608,0.4,1.0,0.3333333333333333,999.0,0.0,0.0,0.30186649659863946,155
Donald Young,56.0,59.0,115.0,0.48695652173913045,4.892857142857143,4.5,0.5084186132797244,0.6036252408338979,0.5749500136089021,0.2,5.0,0.5555555555555556,999.0,0.0,0.0,0.30067465647379704,156
Paolo Lorenzi,32.0,50.0,82.0,0.3902439024390244,6.96875,3.5625,0.45497497294372297,0.6928344504957409,0.5910322980553397,0.3,8.0,0.5714285714285714,999.0,0.0,0.0,0.300665732496015,157
Roberto Carballes Baena,29.0,49.0,78.0,0.3717948717948718,3.689655172413793,3.1379310344827585,0.4905717442468803,0.6701052834927074,0.6275436030236721,0.4,6.0,0.46153846153846156,999.0,0.0,0.0,0.3002133385664666,158
Mackenzie Mcdonald,80.0,87.0,167.0,0.47904191616766467,6.075,1.9875,0.5059658725240188,0.6837261087261087,0.6391081589416586,0.4,2.0,0.2222222222222222,125.0,504.0,0.023622047244094446,0.29966502561098424,159
Ryan Harrison,52.0,50.0,102.0,0.5098039215686274,8.346153846153847,2.769230769230769,0.5235003945143264,0.7178451208878841,0.608455508203552,0.3,2.0,0.3333333333333333,999.0,0.0,0.0,0.2995182561622674,160
Andrey Kuznetsov,34.0,33.0,67.0,0.5074626865671642,7.176470588235294,3.235294117647059,0.4586462677076864,0.6790246212121211,0.5602762209263664,0.2,3.0,0.5,999.0,0.0,0.0,0.29874921608778143,161
J J Wolf,35.0,41.0,76.0,0.4605263157894737,8.885714285714286,2.914285714285714,0.4859461632769903,0.6638254218899381,0.5953819139582013,0.2,4.0,0.5714285714285714,999.0,0.0,0.0,0.2983344439200006,162
Ze Zhang,5.0,15.0,20.0,0.25,5.8,4.0,0.5714285714285714,0.6222222222222222,0.6132795149927108,0.5,,0.5,999.0,0.0,0.0,0.29718253968253966,163
Marcel Granollers,24.0,44.0,68.0,0.35294117647058826,7.25,1.9583333333333333,0.46009013234413687,0.7016336837765409,0.6201248927899021,0.5,2.0,0.3333333333333333,999.0,0.0,0.0,0.29632148492368093,164
Mitchell Krueger,8.0,17.0,25.0,0.32,5.125,2.125,0.4591675685425685,0.6185374149659865,0.6233954909920595,0.5,2.0,0.4,999.0,0.0,0.0,0.29388524917542774,165
Joao Sousa,83.0,106.0,189.0,0.43915343915343913,5.253012048192771,2.0120481927710845,0.4499429452263025,0.6259275927183597,0.6056575196810163,0.3,6.0,0.46153846153846156,999.0,0.0,0.0,0.29281265591636213,166
Nicolas Almagro,12.0,22.0,34.0,0.35294117647058826,14.166666666666666,3.9166666666666665,0.3530559718059718,0.6006944444444444,0.5479418416479872,0.4,2.0,0.5,999.0,0.0,0.0,0.2909228149301679,167
Steve Darcis,32.0,33.0,65.0,0.49230769230769234,4.78125,2.15625,0.5033436640973405,0.6424567099567099,0.6071527924030461,0.3,2.0,0.3333333333333333,999.0,0.0,0.0,0.29036694177962563,168
Oscar Otte,15.0,32.0,47.0,0.3191489361702128,9.266666666666667,3.066666666666667,0.4966212001506119,0.70001665001665,0.5859734293896569,0.3,3.0,0.6,999.0,0.0,0.0,0.2896191265509163,169
Christopher Eubanks,25.0,44.0,69.0,0.36231884057971014,13.08,2.88,0.46951515151515155,0.7362287470983123,0.6941124888365857,0.5,2.0,0.25,999.0,0.0,0.0,0.28836690507560075,170
Matthew Ebden,25.0,42.0,67.0,0.373134328358209,7.56,4.2,0.5732424242424242,0.7237028018278018,0.6222420361730578,0.4,1.0,0.3333333333333333,999.0,0.0,0.0,0.2881308433930635,171
Robin Haase,59.0,78.0,137.0,0.4306569343065693,7.88135593220339,2.9152542372881354,0.5047610977584216,0.6449721044922284,0.5683347523408636,0.4,2.0,0.2857142857142857,999.0,0.0,0.0,0.2880080365463177,172
Gilles Muller,68.0,57.0,125.0,0.544,16.13235294117647,3.2794117647058822,0.43536357433416256,0.7936165845648604,0.6184257327350431,0.3,1.0,0.2,999.0,0.0,0.0,0.28744900794495115,173
Fabio Fognini,109.0,107.0,216.0,0.5046296296296297,5.220183486238532,4.6422018348623855,0.4987823855403456,0.6209605900197323,0.5860559319185131,0.2,6.0,0.42857142857142855,999.0,0.0,0.0,0.28643027047112557,174
Sam Querrey,84.0,93.0,177.0,0.4745762711864407,14.69047619047619,3.130952380952381,0.4772602397602398,0.6752465127465128,0.5894330945372195,0.3,4.0,0.3333333333333333,999.0,0.0,0.0,0.2862694054219478,175
Kyle Edmund,83.0,74.0,157.0,0.5286624203821656,7.530120481927711,2.180722891566265,0.4729947651634399,0.6972081930415264,0.5999276713340838,0.1,6.0,0.5,999.0,0.0,0.0,0.28567575300578973,176
Daniel Elahi Galan,21.0,33.0,54.0,0.3888888888888889,5.571428571428571,1.1904761904761905,0.4801638215503762,0.5855170940170941,0.6333844150460175,0.3,2.0,0.5,999.0,0.0,0.0,0.28550626800059575,177
Ivo Karlovic,69.0,70.0,139.0,0.49640287769784175,22.507246376811594,4.333333333333333,0.4225261270715816,0.8051169590643275,0.6524418191594908,0.2,4.0,0.4,999.0,0.0,0.0,0.2854828737312559,178
Andreas Seppi,76.0,83.0,159.0,0.4779874213836478,7.473684210526316,2.8684210526315788,0.5075080073435337,0.6134809226720992,0.5790447298534441,0.2,6.0,0.46153846153846156,999.0,0.0,0.0,0.2847770710774628,179
Radek Stepanek,13.0,14.0,27.0,0.48148148148148145,5.6923076923076925,3.1538461538461537,0.4607270934194011,0.7950396825396826,0.5948641006148336,0.5,0.0,0.0,999.0,0.0,0.0,0.2831587091683246,180
Dusan Lajovic,74.0,111.0,185.0,0.4,4.472972972972973,1.6081081081081081,0.5009910374200656,0.6097175047175046,0.6932013658738305,0.4,4.0,0.3076923076923077,999.0,0.0,0.0,0.2816892732607247,181
Benoit Paire,96.0,123.0,219.0,0.4383561643835616,11.010416666666666,5.479166666666667,0.4586215555125446,0.660181269347936,0.5233420060914978,0.2,7.0,0.5,999.0,0.0,0.0,0.28052918233891444,182
Jiri Vesely,55.0,77.0,132.0,0.4166666666666667,10.745454545454546,3.690909090909091,0.48786684405806663,0.6790692165305168,0.6438375066288287,0.3,5.0,0.38461538461538464,999.0,0.0,0.0,0.2802057773884036,183
Alexandre Muller,13.0,22.0,35.0,0.37142857142857144,4.3076923076923075,1.4615384615384615,0.5877897743282359,0.5056353902507749,0.6823393640510022,0.4,1.0,0.3333333333333333,127.0,494.0,0.007874015748031482,0.27989060581050285,184
Guillermo Garcia Lopez,40.0,59.0,99.0,0.40404040404040403,5.325,3.7,0.4822994734024146,0.6783655802886572,0.5430049185236984,0.3,2.0,0.4,999.0,0.0,0.0,0.27904335369465455,185
Julien Benneteau,22.0,30.0,52.0,0.4230769230769231,9.272727272727273,4.090909090909091,0.4435852026761118,0.6610362772560004,0.6036980591645474,0.4,1.0,0.25,999.0,0.0,0.0,0.2785003047658364,186
Tommy Robredo,15.0,20.0,35.0,0.42857142857142855,6.4,2.6666666666666665,0.5313492063492063,0.5787621109049681,0.6084107221418804,0.2,2.0,0.5,999.0,0.0,0.0,0.27764842300556586,187
Soon Woo Kwon,50.0,53.0,103.0,0.4854368932038835,6.06,2.68,0.4799353424353424,0.6938265635074146,0.6103301681821375,0.3,2.0,0.25,999.0,0.0,0.0,0.2775473185981087,188
Diego Schwartzman,120.0,113.0,233.0,0.5150214592274678,2.908333333333333,2.941666666666667,0.48864145550404636,0.6293427501617156,0.620908157774226,0.0,16.0,0.6153846153846154,999.0,0.0,0.0,0.27696226739784735,189
Nicolas Jarry,37.0,53.0,90.0,0.4111111111111111,10.91891891891892,2.081081081081081,0.45434580434580435,0.6923427826653633,0.649838400390863,0.3,3.0,0.375,999.0,0.0,0.0,0.2763622071283362,190
Facundo Bagnis,7.0,21.0,28.0,0.25,8.571428571428571,2.2857142857142856,0.6101473922902494,0.6504709576138147,0.6327630702630703,0.5,2.0,0.3333333333333333,999.0,0.0,0.0,0.2755309174952032,191
Marius Copil,39.0,44.0,83.0,0.46987951807228917,11.564102564102564,2.4871794871794872,0.5094564979180364,0.6978162578162579,0.6043578256114842,0.3,1.0,0.25,999.0,0.0,0.0,0.275333517304787,192
Peter Gojowczyk,50.0,61.0,111.0,0.45045045045045046,8.32,3.74,0.48245046270256353,0.6837830687830688,0.5490396580722426,0.2,3.0,0.42857142857142855,999.0,0.0,0.0,0.27521000347260854,193
Steve Johnson,108.0,112.0,220.0,0.4909090909090909,10.12962962962963,2.4537037037037037,0.43483992422671663,0.7386249093301231,0.5860142081941336,0.2,5.0,0.35714285714285715,999.0,0.0,0.0,0.27497194297654326,194
Pierre Hugues Herbert,65.0,76.0,141.0,0.46099290780141844,9.415384615384616,2.9384615384615387,0.4806350333694084,0.6811024897889305,0.613348704647385,0.4,1.0,0.14285714285714285,999.0,0.0,0.0,0.27476367453684303,195
Hugo Gaston,17.0,33.0,50.0,0.34,3.9411764705882355,1.8235294117647058,0.48719369346531977,0.5269459706959707,0.5715075826910075,0.4,1.0,0.25,119.0,533.0,0.07086614173228345,0.2744668257277496,196
Luca Van Assche,13.0,23.0,36.0,0.3611111111111111,5.461538461538462,2.8461538461538463,0.43176865869173564,0.6208647561588738,0.5998470468364577,0.3,0.0,0.0,98.0,633.0,0.2362204724409449,0.27377559025259174,197
Aljaz Bedene,48.0,61.0,109.0,0.44036697247706424,11.166666666666666,3.2916666666666665,0.4762225723622782,0.6738352916924345,0.5748571089285018,0.3,3.0,0.3,999.0,0.0,0.0,0.2725946363220017,198
Gregoire Barrere,22.0,38.0,60.0,0.36666666666666664,7.363636363636363,2.5454545454545454,0.4725086649129711,0.7083526122999807,0.6425648226039201,0.3,2.0,0.4,999.0,0.0,0.0,0.2707097305273143,199
Max Purcell,20.0,35.0,55.0,0.36363636363636365,9.5,2.15,0.4971916971916972,0.7421075837742505,0.5871720908537996,0.4,1.0,0.25,999.0,0.0,0.0,0.2703740549573883,200
Ruben Bemelmans,13.0,24.0,37.0,0.35135135135135137,8.23076923076923,2.4615384615384617,0.5073260073260073,0.7230489417989417,0.658662810309903,0.3,2.0,0.4,999.0,0.0,0.0,0.2693565852940853,201
Maxime Cressy,29.0,37.0,66.0,0.4393939393939394,17.551724137931036,8.0,0.5017072965348828,0.6737433862433863,0.6144879009157042,0.2,2.0,0.4,999.0,0.0,0.0,0.26862101898739826,202
Mikhail Youzhny,28.0,45.0,73.0,0.3835616438356164,4.428571428571429,4.178571428571429,0.4706986961451247,0.6769555258000636,0.5765433712637235,0.2,4.0,0.5,999.0,0.0,0.0,0.2682731220561635,203
Jason Kubler,14.0,20.0,34.0,0.4117647058823529,6.785714285714286,2.2857142857142856,0.6122874149659864,0.6747113997113997,0.6309788301722001,0.2,2.0,0.4,999.0,0.0,0.0,0.26729111720445753,204
Mikael Ymer,53.0,53.0,106.0,0.5,3.150943396226415,2.9056603773584904,0.5638656509355732,0.6606081227029607,0.6750981162723405,0.4,0.0,0.0,999.0,0.0,0.0,0.2662236886819267,205
Michael Berrer,9.0,11.0,20.0,0.45,8.444444444444445,4.222222222222222,0.45370370370370366,0.5852826510721247,0.6506326129416481,0.5,0.0,0.0,999.0,0.0,0.0,0.26444931773879143,206
Ramkumar Ramanathan,12.0,31.0,43.0,0.27906976744186046,10.5,3.8333333333333335,0.4494167869167869,0.7350378787878789,0.6251494537634481,0.3,,0.5,999.0,0.0,0.0,0.2639901751456984,207
Fernando Verdasco,80.0,88.0,168.0,0.47619047619047616,7.1875,3.4875,0.47390358818812767,0.642814529458365,0.6681696802472613,0.1,5.0,0.45454545454545453,999.0,0.0,0.0,0.2630653431117619,208
Pablo Cuevas,37.0,60.0,97.0,0.38144329896907214,7.351351351351352,2.7567567567567566,0.4421593067426401,0.7038196824961531,0.6221165832862379,0.3,3.0,0.3333333333333333,999.0,0.0,0.0,0.26265977420420766,209
Yuki Bhambri,15.0,20.0,35.0,0.42857142857142855,3.6,2.533333333333333,0.4966610296022061,0.5834750566893424,0.665387352363045,0.5,0.0,0.0,999.0,0.0,0.0,0.26114966145743457,210
Bradley Klahn,7.0,19.0,26.0,0.2692307692307692,9.428571428571429,4.0,0.5285190999476714,0.5666666666666667,0.6297839117404335,0.5,1.0,0.25,999.0,0.0,0.0,0.2595669806384093,211
Pablo Andujar,19.0,46.0,65.0,0.2923076923076923,2.6842105263157894,3.1052631578947367,0.5316178704336598,0.7307007988380537,0.6603172364521268,0.2,5.0,0.5555555555555556,999.0,0.0,0.0,0.2595261898738421,212
Sumit Nagal,7.0,21.0,28.0,0.25,5.285714285714286,2.142857142857143,0.4789915966386555,0.6887755102040816,0.6614763569027821,0.5,1.0,0.25,999.0,0.0,0.0,0.2583883553421369,213
Sam Groth,15.0,31.0,46.0,0.32608695652173914,17.866666666666667,4.2,0.4611688311688312,0.7450680272108843,0.6134039024953674,0.2,1.0,0.5,999.0,0.0,0.0,0.2568335820494206,214
Yosuke Watanuki,11.0,16.0,27.0,0.4074074074074074,7.090909090909091,3.1818181818181817,0.4365847877612584,0.6607142857142857,0.559351011752451,0.5,0.0,0.0,999.0,0.0,0.0,0.25671680552562903,215
Janko Tipsarevic,10.0,17.0,27.0,0.37037037037037035,7.3,4.3,0.4219330669330669,0.6501587301587302,0.5460173694648371,0.3,2.0,0.3333333333333333,999.0,0.0,0.0,0.2561971824471824,216
Tennys Sandgren,30.0,47.0,77.0,0.38961038961038963,10.833333333333334,2.0,0.4955877455877456,0.7513766233766234,0.6260499197318412,0.2,3.0,0.375,999.0,0.0,0.0,0.25600081585081585,217
Dudi Sela,25.0,36.0,61.0,0.4098360655737705,3.64,1.76,0.5183510019392372,0.5878019323671497,0.6226634540580972,0.3,1.0,0.25,999.0,0.0,0.0,0.25526666310876195,218
Denis Kudla,36.0,72.0,108.0,0.3333333333333333,7.75,3.5555555555555554,0.5240274771524772,0.610218754168334,0.6146040078739703,0.3,4.0,0.36363636363636365,999.0,0.0,0.0,0.2545910994448284,219
Noah Rubin,7.0,13.0,20.0,0.35,7.0,2.4285714285714284,0.4920222634508349,0.7774071166928309,0.6102252704840615,0.5,0.0,0.0,999.0,0.0,0.0,0.2509714690071833,220
Henri Laaksonen,26.0,38.0,64.0,0.40625,9.115384615384615,3.8846153846153846,0.4455403524383457,0.6401575276575276,0.5849151169095633,0.1,3.0,0.5,999.0,0.0,0.0,0.25084739400479367,221
Radu Albot,62.0,88.0,150.0,0.41333333333333333,3.806451612903226,2.6451612903225805,0.5200168946022369,0.63856046824969,0.6442722046518814,0.3,2.0,0.18181818181818182,999.0,0.0,0.0,0.24853492874865699,222
Simone Bolelli,18.0,27.0,45.0,0.4,6.444444444444445,1.3888888888888888,0.6016106442577032,0.7645089285714286,0.6711124947191605,0.4,0.0,0.0,999.0,0.0,0.0,0.2483059786414566,223
Malek Jaziri,51.0,73.0,124.0,0.4112903225806452,5.568627450980392,2.843137254901961,0.4757453875100934,0.6219156431803491,0.5459220490887622,0.3,1.0,0.2,999.0,0.0,0.0,0.24770563217968344,224
Teymuraz Gabashvili,18.0,28.0,46.0,0.391304347826087,6.611111111111111,5.0,0.4537642912642913,0.7208269671504965,0.5634878735902462,0.2,1.0,0.3333333333333333,999.0,0.0,0.0,0.24655564987726114,225
Yasutaka Uchiyama,12.0,22.0,34.0,0.35294117647058826,8.0,1.8333333333333333,0.4802128427128427,0.667989417989418,0.6262265751012743,0.5,0.0,0.0,999.0,0.0,0.0,0.2456454071527601,226
Pedro Martinez,23.0,38.0,61.0,0.3770491803278688,3.9130434782608696,3.260869565217391,0.5300112362772209,0.6614561766735679,0.6572919989666527,0.2,2.0,0.3333333333333333,999.0,0.0,0.0,0.24383566572950663,227
Lukas Rosol,28.0,42.0,70.0,0.4,9.321428571428571,3.5714285714285716,0.39589259946402805,0.6569394890823462,0.5922392054635083,0.2,1.0,0.3333333333333333,999.0,0.0,0.0,0.24264160442731875,228
Bjorn Fratangelo,14.0,26.0,40.0,0.35,6.642857142857143,2.2142857142857144,0.5212585034013605,0.7619047619047619,0.5836508999492908,0.3,1.0,0.2,999.0,0.0,0.0,0.24165816326530612,229
Salvatore Caruso,11.0,21.0,32.0,0.34375,5.909090909090909,3.727272727272727,0.4864369216641944,0.6964187327823691,0.5510516969438991,0.1,2.0,0.5,999.0,0.0,0.0,0.24008028272232818,230
Thomaz Bellucci,21.0,31.0,52.0,0.40384615384615385,6.9523809523809526,3.761904761904762,0.4799203442060585,0.6966414141414141,0.582804876063892,0.1,2.0,0.4,999.0,0.0,0.0,0.23978962637891207,231
Elias Ymer,27.0,39.0,66.0,0.4090909090909091,5.592592592592593,2.740740740740741,0.5697359920399135,0.5513253968253968,0.6069132723630944,0.4,0.0,0.0,999.0,0.0,0.0,0.23832579671599283,232
Go Soeda,9.0,18.0,27.0,0.3333333333333333,4.555555555555555,1.8888888888888888,0.48283814950481624,0.6086309523809524,0.6046183906526613,0.5,0.0,0.0,999.0,0.0,0.0,0.23790678842762178,233
Cem Ilkel,9.0,17.0,26.0,0.34615384615384615,7.666666666666667,2.4444444444444446,0.4570776780921708,0.5666666666666667,0.6136998163690103,0.5,0.0,0.0,999.0,0.0,0.0,0.2377256787764034,234
Mirza Basic,19.0,22.0,41.0,0.4634146341463415,7.2105263157894735,1.631578947368421,0.480889724310777,0.7515432098765432,0.5940454827528683,0.3,0.0,0.0,999.0,0.0,0.0,0.23747530524595137,235
Juan Pablo Varillas,5.0,16.0,21.0,0.23809523809523808,7.8,2.0,0.5866666666666667,0.6516608391608392,0.6147065407794059,0.2,1.0,0.5,999.0,0.0,0.0,0.2364401848151848,236
Filip Krajinovic,79.0,79.0,158.0,0.5,5.936708860759493,1.4050632911392404,0.5041337178995408,0.7054280764897203,0.6451550815699851,0.0,3.0,0.3333333333333333,999.0,0.0,0.0,0.23547808971946305,237
Ivan Dodig,8.0,19.0,27.0,0.2962962962962963,9.5,2.0,0.5330627705627705,0.6875,0.6185601452684939,0.5,0.0,0.0,999.0,0.0,0.0,0.23510221260221262,238
Prajnesh Gunneswaran,9.0,20.0,29.0,0.3103448275862069,7.0,1.7777777777777777,0.48287037037037034,0.6129464285714286,0.6474158495600514,0.5,0.0,0.0,999.0,0.0,0.0,0.2323770468436417,239
Thiago Seyboth Wild,9.0,17.0,26.0,0.34615384615384615,7.333333333333333,2.3333333333333335,0.5505291005291005,0.755952380952381,0.6358210262507477,0.4,0.0,0.0,999.0,0.0,0.0,0.23186253561253564,240
Marc Andrea Huesler,22.0,27.0,49.0,0.4489795918367347,9.318181818181818,1.6363636363636365,0.5564935064935065,0.6354119425547997,0.6248573627674433,0.3,0.0,0.0,999.0,0.0,0.0,0.23184017041159902,241
Albert Ramos,58.0,103.0,161.0,0.36024844720496896,4.879310344827586,2.3275862068965516,0.4888264979122511,0.6817599784585431,0.6200630148860495,0.2,4.0,0.2857142857142857,999.0,0.0,0.0,0.2314485784769248,242
Chun Hsin Tseng,7.0,20.0,27.0,0.25925925925925924,2.7142857142857144,2.142857142857143,0.6435374149659864,0.6651515151515152,0.5925938655406108,0.5,0.0,0.0,999.0,0.0,0.0,0.2302492613206899,243
Stefano Travaglia,17.0,31.0,48.0,0.3541666666666667,9.352941176470589,2.8823529411764706,0.47326186885010413,0.6196428571428572,0.5474431205895313,0.3,1.0,0.16666666666666666,999.0,0.0,0.0,0.22818690296631478,244
Juan Monaco,12.0,14.0,26.0,0.46153846153846156,2.9166666666666665,1.25,0.44618968993968994,0.574025974025974,0.7118888620788648,0.3,0.0,0.0,999.0,0.0,0.0,0.2263953985828986,245
Martin Klizan,40.0,50.0,90.0,0.4444444444444444,6.1,3.275,0.5019349747474747,0.6421971421971422,0.608729362603331,0.1,1.0,0.25,999.0,0.0,0.0,0.225817716958342,246
Yuichi Sugita,30.0,47.0,77.0,0.38961038961038963,4.366666666666666,2.7333333333333334,0.5001100288600289,0.6476484420928865,0.6002930211989274,0.2,1.0,0.2,999.0,0.0,0.0,0.2247905209502432,247
Evgeny Donskoy,30.0,56.0,86.0,0.3488372093023256,6.0,2.3666666666666667,0.5512373347899664,0.7173508483853311,0.5923182854424826,0.2,2.0,0.2222222222222222,999.0,0.0,0.0,0.22397204481767963,248
Maximilian Marterer,18.0,38.0,56.0,0.32142857142857145,9.555555555555555,1.1111111111111112,0.5876984126984127,0.6794117647058824,0.6382182248169272,0.4,0.0,0.0,999.0,0.0,0.0,0.2237126517273576,249
Pedro Cachin,5.0,16.0,21.0,0.23809523809523808,9.8,2.0,0.4565367965367965,0.5186868686868686,0.6254733233436784,0.2,2.0,0.5,999.0,0.0,0.0,0.22328499278499278,250
Peter Polansky,6.0,17.0,23.0,0.2608695652173913,4.833333333333333,3.0,0.4851190476190476,0.6587301587301587,0.5817994815617752,0.5,0.0,0.0,999.0,0.0,0.0,0.22240985162180812,251
Santiago Giraldo,9.0,23.0,32.0,0.28125,5.888888888888889,2.2222222222222223,0.4879392212725546,0.5967261904761905,0.6507716580760005,0.3,1.0,0.25,999.0,0.0,0.0,0.22204577058743727,252
Dustin Brown,14.0,28.0,42.0,0.3333333333333333,10.0,3.5714285714285716,0.39599309420737994,0.8173800558415943,0.6308049539290213,0.2,1.0,0.25,999.0,0.0,0.0,0.22150199083578204,253
Ernesto Escobedo,15.0,28.0,43.0,0.3488372093023256,6.2,2.2666666666666666,0.5500360750360751,0.5973809523809523,0.5885323160013375,0.1,3.0,0.375,999.0,0.0,0.0,0.22083015369643277,254
Thomas Fabbiano,13.0,35.0,48.0,0.2708333333333333,3.0,3.4615384615384617,0.4737021148785855,0.651881451881452,0.692868107918296,0.1,3.0,0.5,999.0,0.0,0.0,0.21898751167133523,255
Yen Hsun Lu,31.0,41.0,72.0,0.4305555555555556,5.483870967741935,2.129032258064516,0.47201449983708044,0.5758547008547008,0.588744349976704,0.1,1.0,0.25,999.0,0.0,0.0,0.217532348923478,256
Jozef Kovalik,9.0,19.0,28.0,0.32142857142857145,4.111111111111111,2.111111111111111,0.4423009089675756,0.7009980759980761,0.6215328049562535,0.4,0.0,0.0,999.0,0.0,0.0,0.21752209210542545,257
Pavel Kotov,17.0,27.0,44.0,0.38636363636363635,3.588235294117647,2.4705882352941178,0.48354880413703943,0.725740599270011,0.6706276825846372,0.3,0.0,0.0,999.0,0.0,0.0,0.21705537926126162,258
Leonardo Mayer,37.0,44.0,81.0,0.4567901234567901,8.972972972972974,3.324324324324324,0.4880275262628204,0.7023285853931015,0.6150366950472805,0.0,2.0,0.2857142857142857,999.0,0.0,0.0,0.21657247930413648,259
Jason Jung,7.0,18.0,25.0,0.28,4.0,1.5714285714285714,0.4397031539888682,0.4857142857142857,0.6209462333625186,0.5,0.0,0.0,999.0,0.0,0.0,0.2162708719851577,260
Taro Daniel,52.0,82.0,134.0,0.3880597014925373,4.596153846153846,2.519230769230769,0.5226069185844272,0.6835784001573475,0.6166788131103073,0.2,1.0,0.125,999.0,0.0,0.0,0.21607419131022307,261
Stefan Kozlov,4.0,16.0,20.0,0.2,2.75,4.5,0.41620879120879123,0.8015350877192983,0.7475948327359617,0.5,0.0,0.0,999.0,0.0,0.0,0.2108871939464045,262
Thiago Monteiro,26.0,54.0,80.0,0.325,6.384615384615385,1.9615384615384615,0.5573462422444323,0.7485836627140976,0.6623397505416228,0.2,1.0,0.14285714285714285,999.0,0.0,0.0,0.20797506667649793,263
Andreas Haider Maurer,9.0,15.0,24.0,0.375,7.222222222222222,5.0,0.4339057239057239,0.7500841750841751,0.5582490638910077,0.0,1.0,0.3333333333333333,999.0,0.0,0.0,0.20294949494949494,264
Paul Henri Mathieu,8.0,21.0,29.0,0.27586206896551724,6.125,2.5,0.541765873015873,0.7049107142857143,0.5944124554584896,0.1,1.0,0.3333333333333333,999.0,0.0,0.0,0.20129934660645868,265
Lukas Lacko,16.0,34.0,50.0,0.32,9.375,2.3125,0.5035500957375957,0.6708791208791209,0.5932085785293696,0.3,0.0,0.0,999.0,0.0,0.0,0.19872146083083586,266
Denis Istomin,32.0,57.0,89.0,0.3595505617977528,8.375,1.4375,0.4771718424944231,0.6281490910523169,0.6402995260216549,0.1,1.0,0.2,999.0,0.0,0.0,0.1951536871267752,267
Bernabe Zapata Miralles,7.0,25.0,32.0,0.21875,4.0,1.4285714285714286,0.5431354359925789,0.604421768707483,0.6496080460777088,0.1,2.0,0.4,999.0,0.0,0.0,0.19206536023500312,268
Gianluca Mager,9.0,17.0,26.0,0.34615384615384615,8.0,3.4444444444444446,0.5159090909090909,0.73497150997151,0.5941851639380434,0.2,0.0,0.0,999.0,0.0,0.0,0.18908249158249157,269
Norbert Gombos,13.0,32.0,45.0,0.28888888888888886,6.615384615384615,3.3076923076923075,0.5533800601108293,0.6856303418803419,0.6482846689877366,0.1,1.0,0.2,999.0,0.0,0.0,0.18417274232178077,270
Federico Delbonis,24.0,59.0,83.0,0.2891566265060241,5.0,4.0,0.46750703000703003,0.5710452741702742,0.5939702308389264,0.2,1.0,0.125,999.0,0.0,0.0,0.18296677183537124,271
Federico Coria,6.0,25.0,31.0,0.1935483870967742,4.5,3.6666666666666665,0.5887265512265513,0.6597222222222222,0.6623907587551661,0.1,2.0,0.3333333333333333,999.0,0.0,0.0,0.1808095354466322,272
Rogerio Dutra Silva,5.0,15.0,20.0,0.25,8.0,3.2,0.43827838827838833,0.65,0.5823172001555944,0.3,0.0,0.0,999.0,0.0,0.0,0.17691391941391943,273
Tim Smyczek,15.0,32.0,47.0,0.3191489361702128,5.333333333333333,2.6,0.4842773892773893,0.6265867465867465,0.6113131520445667,0.2,0.0,0.0,999.0,0.0,0.0,0.17533044083576,274
Stephane Robert,8.0,21.0,29.0,0.27586206896551724,8.125,5.75,0.5341278286930461,0.7370575502928444,0.5414818424568095,0.2,0.0,0.0,999.0,0.0,0.0,0.17252478619067385,275
Dennis Novak,15.0,34.0,49.0,0.30612244897959184,4.466666666666667,1.7333333333333334,0.43421398862575333,0.6302380952380953,0.6637623898101078,0.2,0.0,0.0,999.0,0.0,0.0,0.1697532164380904,276
Constant Lestienne,16.0,29.0,45.0,0.35555555555555557,5.375,2.625,0.5794710497835498,0.6319047619047619,0.6407714523500363,0.1,0.0,0.0,999.0,0.0,0.0,0.16945767947330448,277
Florian Mayer,3.0,19.0,22.0,0.13636363636363635,5.333333333333333,1.3333333333333333,0.43123543123543123,0.6984126984126985,0.551480771279429,0.2,1.0,0.2,999.0,0.0,0.0,0.16057331557331558,278
Benjamin Becker,13.0,26.0,39.0,0.3333333333333333,7.230769230769231,2.3076923076923075,0.5058857808857808,0.5993055555555555,0.6241404370218147,0.1,0.0,0.0,999.0,0.0,0.0,0.15859290015540015,279
Victor Estrella,9.0,26.0,35.0,0.2571428571428571,6.666666666666667,3.5555555555555554,0.44753086419753085,0.624647266313933,0.6211333212278262,0.1,0.0,0.0,999.0,0.0,0.0,0.13789462081128748,280
Marco Cecchinato,12.0,43.0,55.0,0.21818181818181817,6.416666666666667,2.4166666666666665,0.4827200577200577,0.7281746031746031,0.6677105114444571,0.1,0.0,0.0,999.0,0.0,0.0,0.1350901875901876,281
Gastao Elias,4.0,16.0,20.0,0.2,5.5,1.75,0.36408885232414645,0.6444444444444445,0.5648110661268556,0.1,0.0,0.0,999.0,0.0,0.0,0.12042666483842956,282
